sample,crystal_system,a,b,c,alpha,beta,gamma,cbm,vbm,band_gap
BeO,Triclinic,8.894,9.895,9.133,89.11,92.04,89.15,6.5452,2.0609,4.4843
Na2O,Trigonal,6.054,6.054,3.569,90,90,120,3.0836,1.4576,1.626
MgO,Triclinic,9.741,10.461,8.981,87.33,92.04,86.4,5.2468,3.3239,1.9229
PbO,Orthorhombic,4.728,5.621,6.101,90,90,90,6.0606,3.9041,2.1565
OF2,Orthorhombic,3.15,5.411,9.581,90,90,90,-0.1324,-2.2565,2.1241
HgO,Trigonal,3.747,3.747,8.899,90,90,120,1.5699,0.2987,1.2712
NiO,Cubic,2.96,2.96,2.96,60,60,60,7.9928,5.6919,2.3009
BaO,Tetragonal,4.759,4.759,3.951,90,90,90,4.3146,1.5468,2.7678
B6O,Trigonal,5.136,5.136,5.136,63.12,63.12,63.12,6.9422,5.0858,1.8564
MgO,Triclinic,10.103,10.847,9.169,95.01,91.86,84.01,4.2604,2.3831,1.8773
MgO,Orthorhombic,8.092,8.092,8.092,150.25,135.49,54.45,5.3213,2.2599,3.0614
CaO,Triclinic,12.083,11.738,11.81,87.32,86.94,98.08,4.0127,1.5249,2.4878
MgO,Triclinic,9.795,9.759,10.069,91.48,88.39,88.98,5.4427,2.5769,2.8658
BaO,Triclinic,13.251,14.548,13.635,87.25,94.21,87.44,2.3873,1.0574,1.3299
CaO,Cubic,3.399,3.399,3.399,60,60,60,5.868,2.2379,3.6301
HgO,Orthorhombic,3.585,5.564,6.696,90,90,90,1.585,0.3983,1.1867
Li2O,Triclinic,9.598,10.08,10.381,88.35,91.68,86.99,2.4364,-0.2866,2.723
MgO,Cubic,2.966,2.966,2.966,60,60,60,7.0133,2.5841,4.4292
Cs2O,Orthorhombic,7.049,5.388,9.737,90,90,90,3.7467,2.0961,1.6506
MgO,Hexagonal,2.961,2.961,29.416,90,90,120,8.0137,3.961,4.0527
SrO,Cubic,3.142,3.142,3.142,90,90,90,5.6854,2.9428,2.7426
BaO,Triclinic,13.185,13.956,14.327,96.54,94.89,86.64,2.7293,0.9645,1.7648
N2O,Cubic,5.947,5.947,5.947,90,90,90,0.9896,-2.3401,3.3297
Na2O,Trigonal,8.178,8.178,8.178,26.94,26.94,26.94,1.1668,0.0779,1.0889
BaO,Triclinic,14.359,13.087,13.936,93.11,91.54,92.73,2.6075,0.8849,1.7226
Li2O,Cubic,3.291,3.291,3.291,60,60,60,4.7482,-0.1504,4.8986
B8O,Monoclinic,5.319,7.359,10.272,87.6,90,90,7.2649,4.819,2.4459
H2O,Triclinic,5.633,6.152,10.364,84.16,76.47,75.02,1.2699,-3.061,4.3309
BaO,Cubic,3.946,3.946,3.946,60,60,60,3.7027,1.6121,2.0906
FeO,Hexagonal,3.085,3.085,5.275,87.79,87.79,59.22,4.9901,3.9017,1.0884
Li2O,Triclinic,10.118,9.716,10.059,96.37,91.51,91.25,2.6577,-0.0783,2.736
ClO,Tetragonal,13.399,13.399,13.399,111.68,111.68,105.14,-4.4131,-6.1055,1.6924
FeO,Tetragonal,5.513,5.513,5.513,96.2,96.2,141.62,-1.2841,-3.1702,1.8861
Na2O,Cubic,3.878,3.878,3.878,60,60,60,2.4796,0.606,1.8736
SrO,Hexagonal,3.553,3.553,6.217,90,90,120,5.0278,2.0885,2.9393
HgO,Monoclinic,5.822,6.736,7.428,88.83,90,90,1.6941,0.3898,1.3043
Na2O,Hexagonal,6.056,6.056,3.566,90,90,120,2.8381,1.2169,1.6212
FeO,Trigonal,5.319,5.319,10.502,90,90,120,5.2226,3.1348,2.0878
K2O,Orthorhombic,12.789,6.572,6.351,90,90,90,1.6916,0.36,1.3316
CaO,Tetragonal,8.834,8.834,8.834,158.24,158.24,30.97,1.8898,0.0605,1.8293
BeO,Triclinic,9.451,9.482,9.597,89.29,89.67,89.17,5.9434,1.6223,4.3211
ZnO,Triclinic,10.443,9.977,10.792,88.83,84.37,91.33,1.5209,0.2446,1.2763
H2O,Orthorhombic,5.003,5.003,5.502,90,90,131.79,1.9324,-2.9069,4.8393
CaO,Triclinic,11.305,12.13,12.398,98.18,83.34,89.41,3.7536,1.7803,1.9733
MgO,Trigonal,20.057,20.057,20.057,8.56,8.56,8.56,7.8787,3.9844,3.8943
FeO,Monoclinic,3.157,5.351,5.36,108.44,91.09,91.66,5.7462,3.9473,1.7989
SrO,Hexagonal,4.275,4.276,5.156,90,90,120,3.2343,0.67,2.5643
CaO,Triclinic,11.458,12.553,11.684,84.81,82.59,92.61,3.8088,1.6751,2.1337
BaO,Orthorhombic,3.925,6.836,52.661,90,90,90,3.9234,1.6403,2.2831
K2O,Trigonal,6.966,8.127,8.119,95.86,64.6,149,2.6045,0.7511,1.8534
ZnO,Triclinic,9.938,10.136,10.571,90.26,93.01,84.34,1.8226,0.605,1.2176
Cl2O,Tetragonal,7.074,7.074,7.074,99.6,114.62,114.62,0.2298,-0.8231,1.0529
Li2O,Triclinic,9.573,10.146,10.104,86.13,90,90.33,2.5942,-0.1903,2.7845
BeO,Triclinic,10.1,8.966,9.262,91.16,97.22,86.12,6.2939,1.5321,4.7618
B8O,Monoclinic,9.1,9.1,5.142,87.86,87.86,71.37,7.3913,5.0377,2.3536
MgO,Cubic,2.661,2.661,2.661,90,90,90,6.6185,4.3606,2.2579
H2O,Triclinic,5.852,11.02,11.089,81.6,110.78,129.08,-0.0936,-4.6431,4.5495
MgO,Triclinic,9.331,10.566,9.982,97.46,89.45,89.08,4.5543,2.6666,1.8877
MgO,Hexagonal,9.668,9.668,4.188,90,90,120,4.1031,1.086,3.0171
BaO,Triclinic,13.958,13.952,13.636,93.76,88.73,93.28,2.5111,1.0572,1.4539
Li2O,Triclinic,10.728,10.4,9.371,90.65,89.06,93.6,2.0036,-0.4574,2.461
CrO,Monoclinic,3.098,6.351,6.114,67.23,83.24,108.94,5.227,3.6459,1.5811
MgO,Hexagonal,3.486,3.486,4.178,90,90,120,5.8683,2.5973,3.271
HgO,Trigonal,3.615,3.615,8.835,90,90,120,1.524,0.2139,1.3101
Br2O,Orthorhombic,3.99,6.974,10.269,90,90,90,1.1482,-0.2453,1.3935
S8O,Orthorhombic,8.249,8.166,13.439,90,90,90,2.5174,0.0939,2.4235
ZnO,Triclinic,10.09,10.782,9.993,88.51,86.84,89.68,1.6933,0.4512,1.2421
Rb2O,Orthorhombic,7.14,4.622,8.693,90,90,90,2.7054,1.0599,1.6455
MgO,Monoclinic,8.734,8.734,5.68,89.77,89.77,59.93,3.2088,-0.0952,3.304
BaO,Orthorhombic,3.894,52.349,3.893,90,120,90,3.8609,1.7741,2.0868
MgO,Hexagonal,2.938,2.938,2.68,90,90,120,5.9446,2.8963,3.0483
MgO,Hexagonal,3.251,3.251,10.386,90,90,120,4.8933,1.4676,3.4257
BaO,Triclinic,13.639,14.371,13.152,86.1,87.47,88.61,2.7819,1.1035,1.6784
SnO,Orthorhombic,3.581,3.581,12.174,90,90,101.98,7.0105,5.3678,1.6427
Na2O,Orthorhombic,5.312,5.049,3.63,90,90,90,1.0078,-0.0265,1.0343
B8O,Monoclinic,5.125,5.125,9.123,72.8,72.8,62.36,7.336,5.0715,2.2645
CaO,Orthorhombic,3.334,3.334,16.749,90,90,90.1,2.043,-0.0439,2.0869
MgO,Hexagonal,3.308,3.308,4.983,90,90,120,3.9686,0.5985,3.3701
VO,Monoclinic,3.128,5.031,5.32,96.35,72.9,89.99,7.7784,5.7999,1.9785
PbO,Orthorhombic,5.256,5.653,45.189,90,90,90,5.7228,4.1858,1.537
H2O,Monoclinic,4.739,4.739,7.285,85.52,85.52,120.75,0.5313,-4.2276,4.7589
SnO,Orthorhombic,3.355,4.222,5.674,90,90,90,6.2157,4.5306,1.6851
MnO,Orthorhombic,3.155,4.397,6.193,90,90,90,5.3706,4.0601,1.3105
BeO,Triclinic,9.411,9.841,8.982,90.96,91.77,96.07,6.2954,1.843,4.4524
MgO,Triclinic,9.523,11.011,9.366,89.58,90.69,92.53,4.4833,2.4018,2.0815
N2O,Orthorhombic,4.373,5.4,6.627,90,90,90,3.5581,-1.185,4.7431
MgO,Trigonal,3.259,3.259,15.461,90.02,89.99,120.03,4.9179,1.5065,3.4114
K2O,Monoclinic,7.99,4.108,4.343,68.07,90,90,2.2422,0.4996,1.7426
PbO,Orthorhombic,5.452,5.791,5.955,90,90,90,5.4402,3.1348,2.3054
MgO,Orthorhombic,11.304,11.304,11.304,158.77,148.78,38.06,5.5912,2.3961,3.1951
BeO,Triclinic,9.187,10.717,9.247,91.78,91.8,90,5.2246,0.9821,4.2425
MgO,Triclinic,9.691,10.048,10.202,99.04,87.41,89.31,4.5638,2.4888,2.075
MgO,Triclinic,10.344,9.584,9.593,91.11,91.69,87.32,4.7495,2.8018,1.9477
BaO,Hexagonal,3.819,3.819,6.654,90,90,120,4.3554,1.9952,2.3602
SrO,Cubic,3.654,3.654,3.654,60,60,60,4.7714,1.4966,3.2748
Rb2O,Cubic,4.771,4.796,6.757,90,90,90,2.1869,0.8677,1.3192
Na2O,Trigonal,6.194,6.194,3.709,90,90,120,2.9449,1.436,1.5089
MgO,Cubic,5.641,5.641,5.641,90,90,90,3.33,0.4479,2.8821
FeO,Hexagonal,5.308,5.308,10.604,90,90,120,4.9369,3.7759,1.161
CaO,Hexagonal,3.992,3.992,4.785,90,90,120,4.3949,1.2749,3.12
MgO,Monoclinic,12.892,12.892,7.577,85.65,85.65,15.49,3.8486,1.1074,2.7412
BaO,Hexagonal,4.361,4.361,6.606,90,90,120,2.7505,0.6083,2.1422
K2O,Cubic,6.375,4.516,4.502,90,90,90,2.0533,0.3461,1.7072
MgO,Triclinic,10.362,9.006,10.175,96.14,88.33,90.7,4.9651,2.7626,2.2025
FeO,Monoclinic,3.102,5.376,5.444,110.56,91.1,89.95,5.8177,4.002,1.8157
ZrO2,Tetragonal,4.867,7.616,10.265,137.89,18.51,129.72,5.0796,1.9497,3.1299
ZrO2,Orthorhombic,9.982,5.784,5.554,90,90,90,4.6763,1.3429,3.3334
HfO2,Monoclinic,5.094,5.151,5.276,90,99.56,90,7.0401,3.0236,4.0165
BaO2,Orthorhombic,4.409,4.409,3.664,90,90,127.86,4.5086,2.2145,2.2941
ZrO2,Orthorhombic,5.098,5.271,10.093,90,90,90,6.502,2.9226,3.5794
WO2,Triclinic,5.703,5.728,20.318,89.56,89.44,70.03,5.0662,3.7239,1.3423
C3O2,Orthorhombic,5.382,10.287,12.72,90,90,90,1.3618,-2.5159,3.8777
CoO2,Monoclinic,2.844,2.829,19.419,92.72,88.69,120.04,1.5528,0.2984,1.2544
PO2,Monoclinic,6.954,6.97,6.97,92.69,95.03,95.03,4.567,0.0487,4.5183
TiO2,Orthorhombic,4.544,5.518,14.896,90,90,90,5.1808,3.0969,2.0839
SbO2,Orthorhombic,6.756,6.756,6.756,125.07,116.25,89.04,4.9262,3.397,1.5292
SiO2,Cubic,3.807,3.807,3.807,90,90,90,9.7381,5.2096,4.5285
WO2,Orthorhombic,3.318,3.318,10.723,90,90,123.24,3.2553,1.6025,1.6528
TiO2,Tetragonal,7.36,7.36,7.36,92.33,92.33,156.74,3.1536,0.6508,2.5028
SbO2,Orthorhombic,4.834,5.448,11.818,90,90,90,7.3967,5.507,1.8897
VO2,Monoclinic,5.015,9.15,5.022,92.41,111.69,91.2,2.9947,1.9289,1.0658
SiO2,Monoclinic,4.252,4.304,8.262,59.54,90,90,6.7486,3.1466,3.602
BiO2,Monoclinic,5.196,5.589,6.723,106.85,112.73,90,5.0499,3.8903,1.1596
WO2,Orthorhombic,3.315,9.181,11.203,90,90,90,4.8899,2.4094,2.4805
CeO2,Cubic,3.866,3.866,3.866,60,60,60,6.9038,5.0391,1.8647
SbO2,Triclinic,6.302,7.481,15.695,87.53,87.12,65.23,4.0772,2.2093,1.8679
SiO2,Trigonal,6.043,6.043,6.043,88.01,88.01,88.01,6.2724,2.0825,4.1899
ZrO2,Tetragonal,4.015,6.052,4.015,70.64,89.99,109.36,4.0982,0.6161,3.4821
NiO2,Trigonal,2.804,2.804,7.16,78.71,78.71,60,0.133,-1.6812,1.8142
SeO2,Tetragonal,5.083,8.372,8.372,90,90,90,3.5021,0.2147,3.2874
SbO2,Orthorhombic,5.581,6.066,10.491,90,90,90,6.4537,4.6814,1.7723
SiO2,Triclinic,12.315,11.883,11.564,86.8,86.78,88.81,3.4196,0.5148,2.9048
MnO2,Tetragonal,2.855,7.016,7.02,87.58,78.27,78.25,1.7739,0.6272,1.1467
VO2,Monoclinic,3.033,8.773,10.537,89.14,89.99,90.05,3.388,1.8995,1.4885
HfO2,Cubic,3.558,3.558,3.558,60,60,60,8.0662,4.2619,3.8043
VO2,Orthorhombic,5.65,5.677,5.651,64.42,101.36,68.44,3.7306,2.6426,1.088
TiO2,Monoclinic,3.767,6.435,6.616,106.18,90,107.02,4.0444,1.367,2.6774
ZrO2,Orthorhombic,5.426,7.666,3.448,90,90,90,6.2181,2.2585,3.9596
SiO2,Triclinic,10.789,12.224,12.477,89.01,92.53,89.14,3.3981,1.7963,1.6018
VO2,Monoclinic,5.008,9.166,5.018,91.25,111.8,91.09,3.0587,2.0007,1.058
TiO2,Cubic,4.902,4.902,4.902,90,90,90,5.8315,4.4519,1.3796
SrO2,Orthorhombic,4.724,4.947,8.511,90,90,90,4.1705,1.388,2.7825
TiO2,Monoclinic,5.932,5.932,19.761,80.47,80.47,61.45,2.8942,1.8339,1.0603
CaO2,Tetragonal,3.28,4.081,4.081,47.4,66.3,66.3,5.5289,2.7944,2.7345
ZnO2,Orthorhombic,3.923,3.201,9.994,90,90,90,3.7827,2.5083,1.2744
HfO2,Orthorhombic,3.334,5.556,6.505,90,90,90,8.153,4.7601,3.3929
SiO2,Cubic,13.469,13.469,13.469,109.47,109.47,109.47,5.6624,1.4667,4.1957
SiO2,Orthorhombic,3.879,8.748,9.84,90,90,90,3.0625,1.8835,1.179
H2O2,Tetragonal,3.968,3.968,7.488,90,90,90,3.0195,-1.4658,4.4853
ZrO2,Orthorhombic,4.878,5.844,16.137,90,90,90,5.3256,1.7496,3.576
VO2,Triclinic,4.84,6.625,8.712,88.1,84.34,87.84,-0.5496,-1.7655,1.2159
ZrO2,Triclinic,10.437,9.986,11.272,91.07,95.44,93.91,5.3212,2.4098,2.9114
WO2,Monoclinic,6.484,6.484,15.032,89.58,89.58,60.59,3.7341,2.2637,1.4704
GeO2,Tetragonal,2.877,4.412,4.412,90,90,90,6.5375,5.3218,1.2157
SbO2,Triclinic,6.073,7.926,8.753,83.98,89.71,89.38,4.5375,2.7242,1.8133
VO2,Monoclinic,6.753,4.871,8.738,84.08,90,90,-1.0281,-2.1434,1.1153
MnO2,Trigonal,7.119,7.119,7.119,23.14,23.14,23.14,-0.3514,-2.2909,1.9395
SiO2,Orthorhombic,12.649,11.895,5.85,83.52,69.12,27.35,4.2683,2.6618,1.6065
SiO2,Orthorhombic,4.719,5.274,7.732,82.15,72.23,63.42,4.5554,-0.1663,4.7217
HfO2,Triclinic,10.995,10.869,11.135,92.3,90.8,93.76,5.9628,2.184,3.7788
SiO2,Cubic,14.418,14.418,14.418,109.47,109.47,109.47,2.8932,1.4028,1.4904
VO2,Monoclinic,3.021,8.753,10.594,90,90.01,91.3,3.3869,1.939,1.4479
SiO2,Cubic,13.192,13.192,13.192,90,90,90,1.6877,0.6241,1.0636
TeO2,Orthorhombic,6.924,6.924,3.362,90,90,152.39,8.7663,7.4774,1.2889
SiO2,Cubic,4.488,4.488,4.488,90,90,90,12.8669,8.8578,4.0091
TeO2,Orthorhombic,5.418,5.627,12.31,90,90,90,6.0753,3.8474,2.2279
GeO2,Trigonal,4.976,4.976,5.671,90,90,120.01,2.4222,-0.8271,3.2493
NO2,Monoclinic,6.824,4.335,6.404,76.08,90,90,0.1576,-1.3526,1.5102
TiO2,Monoclinic,3.907,6.168,11.408,87.23,90,90,-0.8262,-2.5228,1.6966
SnO2,Hexagonal,3.231,3.231,10.791,90,90,120,4.2095,2.1099,2.0996
MgO2,Trigonal,3.955,3.955,3.955,47.88,47.88,47.88,5.6315,3.2514,2.3801
TeO2,Triclinic,5.791,7.038,7.79,105.99,93.63,111.39,6.8115,4.2294,2.5821
SnO2,Tetragonal,5.853,5.853,5.853,140.03,140.03,57.8,4.9868,3.6792,1.3076
TiO2,Cubic,5.967,5.967,5.967,60,60,60,2.6776,0.9656,1.712
TiO2,Trigonal,6.021,6.021,14.784,90,90,120,2.754,1.0357,1.7183
HfO2,Orthorhombic,4.891,5.08,5.165,90,90,90,7.5048,3.7503,3.7545
HfO2,Orthorhombic,5.005,5.033,5.219,90,90,90,7.8453,3.4305,4.4148
WO2,Tetragonal,7.709,7.709,7.709,92.63,92.63,155.26,3.8404,1.512,2.3284
ZrO2,Monoclinic,5.804,9.08,6.15,46.83,57.34,34.67,4.1052,0.2802,3.825
SiO2,Trigonal,10.783,10.783,10.783,115.25,115.25,115.25,2.3752,-0.3981,2.7733
TiO2,Orthorhombic,3.017,9.596,11.048,90,90,90,3.1955,0.4308,2.7647
VO2,Monoclinic,10.765,5.244,5.878,87.15,90,90,1.6224,0.5487,1.0737
HfO2,Orthorhombic,10.094,5.141,5.259,90,90,90,7.1284,3.1119,4.0165
TiO2,Trigonal,7.192,7.192,7.192,24.03,24.03,24.03,0.7366,-1.8638,2.6004
TiO2,Orthorhombic,3.133,5.745,10.517,90,90,90,-1.1532,-3.9399,2.7867
MnO2,Trigonal,4.872,4.872,4.872,34.1,34.1,34.1,2.3109,0.7318,1.5791
TiO2,Hexagonal,5.947,5.947,9.068,90,90,120,4.1521,1.8356,2.3165
GeO2,Tetragonal,4.982,4.982,7.106,90,90,90,1.8487,-1.4292,3.2779
SiO2,Triclinic,8.323,8.325,10.427,89.72,89.65,60.03,7.2046,2.7311,4.4735
SnO2,Cubic,6.397,6.397,6.397,60,60,60,4.4497,2.555,1.8947
TiO2,Orthorhombic,4.545,4.909,5.52,90,90,90,5.5554,3.0273,2.5281
GeO2,Orthorhombic,4.312,4.777,5.33,90,90,90,5.0751,3.5523,1.5228
VO2,Orthorhombic,5.957,8.645,3.778,90,90,90.02,2.1054,0.7267,1.3787
NiO2,Trigonal,2.8,2.8,5.06,73.94,73.94,60,2.8671,1.267,1.6001
GeO2,Monoclinic,7.541,7.541,7.36,76.84,76.84,121.51,2.6433,-0.6021,3.2454
SiO2,Triclinic,4.815,4.859,5.949,90.68,93.4,104.98,6.9621,2.9543,4.0078
SiO2,Orthorhombic,4.864,4.864,4.864,121.83,107.36,100.04,4.911,0.1463,4.7647
PtO2,Hexagonal,3.131,3.131,8.583,90,90,120,3.697,2.1608,1.5362
K2O2,Hexagonal,7.015,7.015,5.053,90,90,120,2.9852,0.9018,2.0834
TiO2,Tetragonal,3.775,6.436,6.435,85.07,72.96,72.94,3.6226,1.6258,1.9968
VO2,Monoclinic,2.943,2.943,5.048,74.78,74.78,62.81,2.4469,1.3376,1.1093
ZrO2,Orthorhombic,3.287,5.048,20.084,90,90,90,4.9226,1.3055,3.6171
VO2,Triclinic,7.729,8.598,8.649,89.83,89.96,89.94,3.3578,2.3423,1.0155
TiO2,Triclinic,9.904,11.715,11.739,94.19,114.91,114.98,1.2092,-2.0991,3.3083
SiO2,Tetragonal,11.781,11.781,4.371,90,90,90,6.2005,1.2005,5
HfO2,Orthorhombic,5.038,5.202,9.972,90,90,90,7.6076,3.3804,4.2272
HfO2,Triclinic,10.914,11.237,10.85,87.6,89.41,90.52,5.9075,2.1973,3.7102
H3O2,Monoclinic,4.349,6.334,6.334,92.44,108.83,108.83,2.2337,-1.5965,3.8302
SiO2,Hexagonal,6.866,6.866,13.588,90,90,120,4.0066,0.4453,3.5613
SiO2,Tetragonal,11.772,11.772,4.375,90,90,90,6.1732,1.2044,4.9688
NiO2,Cubic,5.616,5.616,5.616,60,60,60,3.0002,1.5171,1.4831
SiO2,Triclinic,12.941,10.674,8.11,85.95,55.37,38.69,3.8874,-0.4734,4.3608
SO2,Orthorhombic,4.208,4.208,5.903,90,90,92.92,0.7746,-2.0622,2.8368
ZrO2,Orthorhombic,5.075,5.101,5.283,90,90,90,6.6682,2.9775,3.6907
TiO2,Monoclinic,4.708,7.241,2.968,78.18,90,91.92,4.4206,2.4914,1.9292
AlO2,Orthorhombic,3.005,4.157,10.613,90,90,90,4.0831,2.9859,1.0972
AsO2,Orthorhombic,5.264,7.295,8.615,90,90,90,3.8378,0.4619,3.3759
TiO2,Trigonal,5.895,5.895,5.895,61.43,61.43,61.43,3.8415,1.3954,2.4461
SiO2,Cubic,12.646,12.646,12.646,90,90,90,3.3011,1.3049,1.9962
SiO2,Monoclinic,5.659,4.946,5.389,71.38,90,90,6.5622,2.4484,4.1138
PtO2,Trigonal,3.135,3.135,4.167,90,90,120,3.7877,2.1778,1.6099
MoO2,Orthorhombic,6.232,6.241,6.391,118.27,117.96,91.42,3.2781,1.8509,1.4272
BeO2,Orthorhombic,3.714,6.305,4.821,90,90,90,4.1993,0.9623,3.237
ThO2,Cubic,3.96,3.96,3.96,60,60,60,8.9753,4.5566,4.4187
HfO2,Triclinic,10.761,11.384,11.054,88.61,86.84,88.66,5.8143,2.4263,3.388
NO2,Cubic,7.423,7.423,7.423,109.47,109.47,109.47,-0.2981,-3.0791,2.781
VO2,Triclinic,4.876,6.497,8.761,83.39,82.79,81.91,-0.4979,-1.7568,1.2589
TeO2,Tetragonal,4.826,4.826,7.654,90,90,90,6.9847,4.154,2.8307
CoO2,Monoclinic,2.91,14.078,2.911,85.15,60.78,84.71,-1.6526,-2.679,1.0264
GeO2,Orthorhombic,2.905,4.429,4.527,90,90,90,6.6088,5.2373,1.3715
SiO2,Trigonal,8.536,8.536,8.536,116.19,116.19,116.19,3.2814,-0.4136,3.695
MoO2,Triclinic,6.29,6.323,6.407,91.55,117.79,119.47,2.9991,1.9186,1.0805
SiO2,Cubic,8.793,8.793,8.793,90,90,90,3.33,-1.6389,4.9689
SiO2,Trigonal,9.599,9.599,9.599,117.33,117.33,117.33,2.2516,-0.2176,2.4692
TiO2,Orthorhombic,5.149,5.459,9.194,90,90,90,4.8517,2.5655,2.2862
Li2O2,Hexagonal,3.103,3.103,7.57,90,90,120,3.2861,1.3118,1.9743
ZrO2,Monoclinic,3.986,6.928,7.057,73.63,89.99,73.28,4.2081,0.3807,3.8274
MgO2,Cubic,4.829,4.829,4.829,90,90,90,7.0076,3.2736,3.734
CoO2,Orthorhombic,2.821,10.949,4.929,102.91,89.91,95.92,0.6425,-0.4835,1.126
SeO2,Orthorhombic,4.485,5.097,7.641,90,90,90,3.818,0.3986,3.4194
TiO2,Orthorhombic,5.518,5.518,5.518,114.8,106.87,106.87,5.003,3.1936,1.8094
Na2O2,Hexagonal,6.135,6.135,4.425,90,90,120,3.4638,1.7277,1.7361
ZnO2,Cubic,4.957,4.957,4.957,90,90,90,4.8174,2.6598,2.1576
ThO2,Orthorhombic,3.784,6.183,7.146,90,90,90,8.9413,5.4211,3.5202
SiO2,Cubic,8.816,8.816,8.816,109.47,109.47,109.47,4.9184,0.3771,4.5413
SbO2,Orthorhombic,5.943,6.535,12.295,90,90,90,3.9305,1.6334,2.2971
SiO2,Tetragonal,8.234,8.234,5.561,90,90,90,4.5162,-0.2867,4.8029
TeO2,Monoclinic,4.008,5.474,7.811,88.23,90,90,7.869,5.5849,2.2841
H2O2,Tetragonal,3.332,3.332,11.298,90,90,90,3.3214,-0.8283,4.1497
NdO2,Monoclinic,3.915,3.915,6.509,83.26,83.26,62.01,5.8125,2.4013,3.4112
SiO2,Cubic,15.562,15.562,15.562,60,60,60,2.2649,-1.3474,3.6123
VO2,Tetragonal,8.607,8.607,7.766,90,90,90,3.2376,2.0042,1.2334
SiO2,Trigonal,11.005,11.005,11.005,114.36,114.36,114.36,1.3552,-0.9502,2.3054
SiO2,Tetragonal,11.279,11.279,5.164,90,90,90,4.3814,1.8519,2.5295
Li2O2,Hexagonal,3.336,3.336,7.9,90,90,120,2.3339,0.696,1.6379
SiO2,Hexagonal,12.747,12.747,3.775,90,90,120,2.2144,0.9616,1.2528
SiO2,Orthorhombic,4.224,7.627,8.497,90,90,90,6.5452,2.1526,4.3926
ZrO2,Monoclinic,5.154,5.228,5.33,90,99.44,90,6.1121,2.5799,3.5322
Rb2O2,Orthorhombic,4.187,5.083,5.083,72.03,65.68,65.68,2.9805,1.2205,1.76
SiO2,Cubic,13.084,13.084,13.084,90,90,90,1.9595,0.6463,1.3132
MnO2,Trigonal,2.857,2.857,4.601,90.01,89.99,120,2.4119,0.8909,1.521
VO2,Orthorhombic,3.017,8.783,10.538,90,89.99,90,3.4115,2.039,1.3725
Cs2O2,Orthorhombic,4.334,5.416,5.416,72.92,66.42,66.42,4.0339,2.3843,1.6496
CO2,Monoclinic,4.098,3.702,10.036,82.38,90,90,2.4858,-1.4755,3.9613
SiO2,Tetragonal,12.373,12.373,4.375,90,90,90,2.6745,1.3145,1.36
CeO2,Tetragonal,5.135,5.135,3.636,90,90,90,5.1975,3.2929,1.9046
SiO2,Cubic,3.241,3.241,3.241,60,60,60,10.8331,9.0935,1.7396
SbO2,Triclinic,3.231,8.184,8.452,85.59,81.62,81.2,3.5513,2.4963,1.055
SiO2,Tetragonal,12.071,12.071,12.071,152.13,152.13,39.82,4.4694,-0.0094,4.4788
SiO2,Trigonal,10.907,10.907,10.907,43.34,43.34,43.34,4.374,0.3382,4.0358
K2O2,Orthorhombic,4.829,4.829,6.45,90,90,92.31,3.0914,0.7339,2.3575
TiO2,Trigonal,5.582,5.582,6.082,90,90,120,1.5777,-1.8433,3.421
SiO2,Monoclinic,5.055,5.055,8.982,82.98,82.98,63.96,1.004,-2.3939,3.3979
MoO2,Tetragonal,7.687,7.687,7.687,92.58,92.58,155.48,3.0203,1.9556,1.0647
WO2,Triclinic,6.483,6.519,15.493,90.69,90.19,119.51,3.425,1.747,1.678
MoO2,Orthorhombic,3.284,9.16,11.105,90,90,90,4.0758,2.7821,1.2937
TeO2,Orthorhombic,4.407,4.871,8.729,90,90,90,6.59,3.5296,3.0604
SbO2,Orthorhombic,4.838,5.497,11.829,90,90,90,7.3618,5.4045,1.9573
HfO2,Triclinic,10.552,11.365,11.21,92.23,89,89.63,5.6887,2.2196,3.4691
HfO2,Tetragonal,3.558,3.558,5.172,90,90,90,7.9537,3.2859,4.6678
SnO2,Trigonal,5.151,5.151,5.151,36.59,36.59,36.59,5.2485,3.3186,1.9299
TiO2,Orthorhombic,5.018,5.018,10.235,90,90,145.83,3.9477,1.4342,2.5135
C61O2,Monoclinic,9.938,9.924,17.844,56.54,90,90,2.6838,1.4196,1.2642
SrO2,Tetragonal,3.544,3.544,4.177,115.1,115.1,90,5.3017,2.4522,2.8495
SbO2,Monoclinic,4.861,5.398,6.516,103.29,111.9,90,7.5946,5.5658,2.0288
SiO2,Hexagonal,12.884,12.884,3.885,90,90,120,2.0972,0.8634,1.2338
SiO2,Orthorhombic,5.765,5.765,11.314,90,90,94.08,4.6897,0.1798,4.5099
SiO2,Cubic,10.47,10.47,10.47,109.47,109.47,109.47,6.2051,1.8977,4.3074
HfO2,Tetragonal,4.814,4.814,3.205,90,90,90,6.1408,2.2383,3.9025
CrO2,Monoclinic,2.979,2.979,9.551,81.41,81.41,57.35,2.5276,1.5,1.0276
SeO2,Orthorhombic,4.501,5.098,15.102,90,90,90,3.6317,0.19,3.4417
ZrO2,Orthorhombic,3.388,5.633,6.589,90,90,90,7.1338,4.2764,2.8574
MnO2,Cubic,5.685,5.685,5.686,60,59.99,60.01,2.194,0.6201,1.5739
CrO2,Tetragonal,2.999,7.147,7.149,87.74,77.89,77.9,1.9784,0.9217,1.0567
NiO2,Trigonal,2.799,2.799,4.618,90,90,120,3.0096,1.5479,1.4617
TiO2,Orthorhombic,2.967,10.675,17.531,90,90,90,4.1798,1.7359,2.4439
TiO2,Trigonal,5.169,5.169,5.169,33.71,33.71,33.71,3.5247,1.0731,2.4516
MnO2,Orthorhombic,16.82,14.591,8.871,88.08,60.11,31.81,-4.8272,-5.9746,1.1474
TiO2,Orthorhombic,18.757,4.682,2.966,90,90,90,4.8458,2.5515,2.2943
WO2,Trigonal,6.732,6.732,6.732,52.82,52.82,52.82,4.2245,2.8242,1.4003
SnO2,Triclinic,10.992,10.706,10.508,91.66,89.65,85.97,5.8529,4.8225,1.0304
SnO2,Trigonal,5.825,5.825,5.825,67.86,67.86,67.86,5.8467,4.2397,1.607
SeO2,Orthorhombic,5.208,8.676,8.773,90,90,90,2.6364,-0.634,3.2704
TiO2,Orthorhombic,5.185,5.988,10.676,90,90,90,2.764,0.2503,2.5137
TeO2,Orthorhombic,4.741,4.907,7.673,90,90,90,6.9795,4.1276,2.8519
TiO2,Triclinic,10.419,9.865,10.438,90.23,89.68,94.01,4.4296,2.1294,2.3002
ZrO2,Tetragonal,3.6,3.6,5.225,90,90,90,6.7634,2.912,3.8514
SiO2,Monoclinic,5.441,5.441,5.463,97.1,97.1,100.65,6.0738,1.1715,4.9023
TiO2,Monoclinic,4.813,5.041,4.872,90,90,99.86,6.1769,3.9452,2.2317
SnO2,Orthorhombic,3.225,9.335,11.354,90,90,90,5.0611,3.8317,1.2294
TiO2,Orthorhombic,5.72,8.711,3.707,90,90,90,2.5658,-0.1324,2.6982
TiO2,Orthorhombic,2.966,4.881,9.46,90,90,90,4.2628,1.7871,2.4757
SiO2,Cubic,15.311,15.311,15.311,60,60,60,3.5602,-0.9766,4.5368
SiO2,Trigonal,5.927,5.927,5.927,89.15,89.15,89.15,7.2423,2.6861,4.5562
SiO2,Monoclinic,4.281,4.318,8.003,86.38,90,90,4.849,2.1008,2.7482
TeO2,Tetragonal,4.833,4.833,7.651,90,90,90,6.9731,4.1687,2.8044
SbO2,Triclinic,6.504,7.423,15.664,96.04,89.24,113.85,3.5159,2.3076,1.2083
ZrO2,Tetragonal,8.079,8.079,5.03,90,90,90,6.4069,3.3988,3.0081
HfO2,Triclinic,10.598,11.804,10.696,90.14,95.49,87.03,5.8424,2.059,3.7834
NO2,Cubic,6.676,6.676,6.676,109.47,109.47,109.47,0.637,-2.1895,2.8265
HfO2,Orthorhombic,4.81,5.784,15.918,90,90,90,6.325,2.1867,4.1383
ZrO2,Orthorhombic,3.475,10.374,3.793,90,90,90,6.0556,3.061,2.9946
ZrO2,Cubic,3.599,3.599,3.599,60,60,60,6.8993,3.7743,3.125
TiO2,Orthorhombic,6.567,6.567,10.464,90,90,122.95,-1.1506,-3.9832,2.8326
CdO2,Cubic,5.405,5.405,5.405,90,90,90,3.1735,1.92,1.2535
SiO2,Orthorhombic,12.933,10.669,8.104,85.95,55.37,38.68,3.784,-0.5413,4.3253
TiO2,Trigonal,6.028,6.028,14.616,90,90,120,3.0525,1.2674,1.7851
TiO2,Orthorhombic,8.883,10.665,2.968,90,90,90,4.1303,1.6986,2.4317
SnO2,Tetragonal,7.769,7.769,7.769,92.48,92.48,155.99,4.3546,2.5054,1.8492
VO2,Monoclinic,5.492,6.294,6.296,97.24,90.79,89.22,3.1171,1.9798,1.1373
NO2,Monoclinic,4.692,5.923,6.214,117.11,90,90,0.543,-2.1616,2.7046
TiO2,Monoclinic,3.827,3.827,5.472,70.11,70.11,90.01,4.1534,1.9779,2.1755
TiO2,Orthorhombic,4.844,4.996,9.442,90,90,90,6.525,4.4236,2.1014
TiO2,Triclinic,10.27,10.58,10.569,90.48,89.63,89,3.8056,1.3969,2.4087
TiO2,Orthorhombic,3.773,5.987,9.073,90,90,90,1.8378,-1.0519,2.8897
SiO2,Orthorhombic,15.363,15.363,15.363,109.77,109.56,109.09,-1.4577,-5.5264,4.0687
TiO2,Cubic,3.422,3.422,3.422,60,60,60,6.5792,5.5227,1.0565
VO2,Triclinic,3.009,8.758,10.667,89.72,89.76,91.81,3.2591,2.0131,1.246
TeO2,Orthorhombic,3.578,5.856,8.024,90,90,90,7.8292,5.4983,2.3309
TiO2,Triclinic,10.364,10.631,10.327,93.99,88.83,91.79,3.881,1.4427,2.4383
SiO2,Tetragonal,6.939,6.939,6.939,131.72,131.72,70.68,4.9143,0.0849,4.8294
ZrO2,Orthorhombic,10.216,5.219,5.31,90,90,90,6.0863,2.6234,3.4629
TiO2,Tetragonal,3.783,3.783,5.501,110.11,110.11,90,3.9525,1.8939,2.0586
SiO2,Orthorhombic,5.068,5.068,5.068,127.67,124.59,79.69,5.1066,0.3906,4.716
TiO2,Triclinic,10.591,10.785,10.486,89.97,83.83,83.36,3.5857,0.985,2.6007
VO2,Orthorhombic,3.015,8.781,10.528,90,89.99,89.99,3.4375,2.0338,1.4037
VO2,Monoclinic,5.931,5.898,5.979,59.78,59.42,60.84,2.5718,1.4626,1.1092
SiO2,Triclinic,5.278,5.502,6,95.82,99.9,118.12,6.4154,1.6189,4.7965
IO2,Monoclinic,6.767,7.827,8.299,116.69,90,90,5.172,3.7095,1.4625
ZrO2,Orthorhombic,5.827,4.984,5.387,90,90,90,5.0212,1.8552,3.166
SiO2,Orthorhombic,4.521,8.272,9.475,90,90,90,4.7616,0.17,4.5916
BaO2,Monoclinic,7.745,7.841,8.178,60.44,90,90,3.0262,-0.576,3.6022
TiO2,Orthorhombic,3.167,5.254,6.288,90,90,90,7.4449,5.6898,1.7551
SiO2,Triclinic,11.421,11.608,12.38,94.95,91.36,95.62,4.0819,2.1772,1.9047
TiO2,Tetragonal,5.47,5.47,5.47,114.49,107.02,107.02,4.9826,3.2016,1.781
BaO2,Tetragonal,3.838,3.838,4.389,115.93,115.93,90,4.4204,2.1852,2.2352
SiO2,Trigonal,8.289,8.289,7.547,90,90,120,6.1355,2.1005,4.035
GeO2,Trigonal,4.987,4.987,5.675,90,90,120,2.4109,-0.8392,3.2501
Al2O3,Trigonal,4.988,4.988,14.534,90,90,120,2.6084,-2.1957,4.8041
Y2O3,Cubic,9.187,9.187,9.187,109.47,109.47,109.47,5.4694,1.3721,4.0973
Ga2O3,Triclinic,10.189,10.428,9.869,90.09,86.97,86.13,3.1351,1.0978,2.0373
UO3,Trigonal,3.809,3.809,4.153,90,90,120,6.295,4.6567,1.6383
Bi2O3,Cubic,11.265,11.265,11.265,90,90,90,6.0494,3.5096,2.5398
Al2O3,Triclinic,10.36,10.364,10.481,93.67,89.98,88.85,7.4092,4.1366,3.2726
Al2O3,Triclinic,10.363,10.747,9.998,91.24,90.17,90.06,7.8875,3.8294,4.0581
Al2O3,Triclinic,10.172,10.352,10.549,92.79,94.76,92.37,7.6105,3.9845,3.626
Bi2O3,Monoclinic,4.218,8.198,7.33,26.57,49.21,54.26,5.8059,4.1196,1.6863
Al2O3,Triclinic,5.849,6.139,19.438,94.82,122.95,120.31,7.262,4.0701,3.1919
LuO3,Cubic,6.455,6.455,6.455,109.47,109.47,109.47,3.6666,2.2303,1.4363
WO3,Orthorhombic,5.238,5.34,7.468,90,90,90,1.9031,0.5079,1.3952
Y2O3,Monoclinic,3.488,7.184,8.614,99.84,90,104.05,6.1112,2.1555,3.9557
UO3,Orthorhombic,11.302,11.281,6.974,72.18,71.84,35.98,4.4388,2.5605,1.8783
Al2O3,Triclinic,10.655,9.885,10.517,86.42,91.42,89.27,7.8456,3.9375,3.9081
Bi2O3,Trigonal,5.891,5.891,5.891,65.07,65.07,65.07,7.142,5.0638,2.0782
Al2O3,Triclinic,10.423,10.844,10.373,92.2,80.86,91.16,7.2036,3.4761,3.7275
TeO3,Orthorhombic,4.994,5.19,7.235,90,90,90,5.0787,3.9438,1.1349
MoO3,Orthorhombic,3.681,3.919,14.229,90,90,90,2.866,0.9173,1.9487
WO3,Orthorhombic,3.875,3.875,7.698,90,90,90.03,1.615,0.3449,1.2701
Ga2O3,Orthorhombic,4.904,4.904,7.284,90,90,146.58,4.905,3.7006,1.2044
Al2O3,Triclinic,10.265,10.529,10.386,90.2,83.21,91.14,7.5566,3.8203,3.7363
Al2O3,Triclinic,10.7,10.265,10.21,85.77,88.86,90.21,7.6339,3.9201,3.7138
Dy2O3,Trigonal,3.656,3.656,5.811,90,90,120,6.5618,2.3621,4.1997
Pr2O3,Monoclinic,3.732,7.503,9.095,99.5,90,104.4,5.674,2.1222,3.5518
Ga2O3,Triclinic,10.281,9.787,10.444,90.83,87.7,89.19,3.1498,0.9977,2.1521
WO3,Triclinic,7.389,7.544,7.738,88.88,89.73,89.73,2.1099,0.4364,1.6735
Pm2O3,Cubic,9.535,9.535,9.535,109.47,109.47,109.47,5.004,1.2374,3.7666
Al2O3,Triclinic,10.025,10.025,10.973,90.97,86.21,89.32,7.7508,4.6401,3.1107
Ga2O3,Trigonal,5.332,5.332,5.332,55.89,55.89,55.89,4.9844,2.5819,2.4025
Ho2O3,Cubic,9.114,9.114,9.114,109.47,109.47,109.47,5.1663,1.2205,3.9458
UO3,Monoclinic,14.51,4.075,10.486,82.52,90,90,4.6162,3.128,1.4882
Al2O3,Monoclinic,5.658,5.657,24.266,77.36,90,90,9.8801,5.8103,4.0698
Bi2O3,Monoclinic,5.872,7.517,8.115,90,90,113.73,6.5855,4.391,2.1945
Al2O3,Monoclinic,16.665,5.599,5.599,90.06,60.43,59.11,9.8937,5.7521,4.1416
Dy2O3,Cubic,9.175,9.175,9.175,109.47,109.47,109.47,5.2269,1.3014,3.9255
WO3,Orthorhombic,3.885,7.689,7.75,90,90,90,1.8886,0.2878,1.6008
Al2O3,Triclinic,10.233,10.165,10.498,90.85,92.22,87.57,8.0459,4.4963,3.5496
Al2O3,Triclinic,5.223,5.345,20.008,91.32,96.44,115.74,3.338,0.2265,3.1115
WO3,Triclinic,11.999,12.093,11.67,93.61,88.52,78.74,1.6455,-0.2977,1.9432
CrO3,Orthorhombic,4.91,4.91,5.788,90,90,117.7,0.0156,-2.0263,2.0419
Al2O3,Triclinic,10.689,10.556,10.085,96.49,92.99,88.61,7.5732,4.103,3.4702
Sb2O3,Cubic,7.934,7.934,7.934,60,60,60,6.2874,2.9466,3.3408
Al2O3,Orthorhombic,4.833,8.303,8.924,90,90,90,10.4057,5.5783,4.8274
La2O3,Hexagonal,6.37,6.37,3.29,90,90,120.01,4.7323,3.038,1.6943
Al2O3,Triclinic,10.345,10.365,10.095,91.56,94.67,87.88,8.0384,4.035,4.0034
Y2O3,Triclinic,12.315,11.181,11.654,95.07,91.3,93.95,4.6969,1.7885,2.9084
Y2O3,Orthorhombic,6.03,3.344,13.034,90,90,90,5.91,2.8742,3.0358
Fe2O3,Orthorhombic,5.145,5.288,7.511,89.7,90.16,90.12,5.0087,3.4984,1.5103
Al2O3,Monoclinic,5.585,5.585,13.531,90.5,89.5,119.62,9.8401,6.0605,3.7796
Ga2O3,Triclinic,10.118,10.207,10.452,93.17,87.57,91.45,2.9371,0.8901,2.047
Dy2O3,Monoclinic,3.484,7.173,8.596,99.8,90,104.06,6.0222,2.0247,3.9975
Y2O3,Monoclinic,3.42,9.203,9.36,73.41,90,90,5.2878,2.4864,2.8014
CrO3,Orthorhombic,5.338,5.561,8.667,90,90,90,-0.6871,-2.0464,1.3593
Al2O3,Orthorhombic,5.564,5.564,4.925,90,90,59.29,5.7138,1.4791,4.2347
CrO3,Orthorhombic,4.57,5.852,9.571,90,90,90,-0.8271,-2.0627,1.2356
Al2O3,Triclinic,10.533,10.302,10.367,87.31,93.54,83.97,7.6859,4.1864,3.4995
La2O3,Monoclinic,7.622,7.622,9.224,80.02,80.02,28.85,9.0722,5.6612,3.411
Al2O3,Monoclinic,2.855,4.958,9.246,81.05,89.82,89.94,5.9471,4.5094,1.4377
Pm2O3,Monoclinic,3.647,7.369,8.915,99.51,90,104.33,5.6562,1.9546,3.7016
Dy2O3,Tetragonal,3.788,3.788,5.557,90,90,90,3.6173,2.0764,1.5409
V2O3,Triclinic,3.112,6.89,7.614,81.37,90.72,76.54,6.1107,4.59,1.5207
Al2O3,Triclinic,10.225,10.654,9.914,90.94,91.27,92.12,8.1179,4.3562,3.7617
WO3,Orthorhombic,7.678,7.734,7.764,90,90,90,1.6338,0.3566,1.2772
Sm2O3,Tetragonal,3.892,3.892,5.714,90,90,90,3.4417,1.7225,1.7192
Gd2O3,Cubic,9.358,9.358,9.358,109.47,109.47,109.47,4.3996,1.4585,2.9411
V2O3,Monoclinic,3.777,5.481,12.036,90,90,71.76,4.9244,3.6875,1.2369
Al2O3,Monoclinic,7.733,3.27,10.519,90.01,27.55,102.21,7.3715,3.166,4.2055
Al2O3,Triclinic,10.146,10.995,10.436,88.88,89.86,89.29,7.1967,3.2687,3.928
SeO3,Orthorhombic,5.582,6.126,9.452,90,90,90,-0.6223,-2.7072,2.0849
MoO3,Monoclinic,3.681,3.917,7.282,103.18,90,90,2.6273,0.943,1.6843
IO3,Triclinic,5.094,6.731,6.771,97.63,95.86,105.24,3.9975,2.0793,1.9182
Tm2O3,Cubic,8.995,8.995,8.995,109.47,109.47,109.47,5.1798,1.2011,3.9787
ClO3,Monoclinic,5.09,5.09,9.869,96.64,96.64,114.28,-0.166,-1.3763,1.2103
Al2O3,Triclinic,5.557,5.566,10.025,108.01,84.15,59.83,8.9655,4.9482,4.0173
As2O3,Monoclinic,9.915,6.515,8.459,90,94.37,90,0.4649,-0.9842,1.4491
Er2O3,Trigonal,6.77,6.77,6.77,31.49,31.49,31.49,4.3982,1.5156,2.8826
Al2O3,Triclinic,10.423,10.24,10.523,86.84,87.61,90.11,7.6846,4.1622,3.5224
MoO3,Triclinic,11.782,13.696,12.207,91.19,92.77,89.94,-0.0815,-1.7199,1.6384
WO3,Orthorhombic,7.676,7.735,7.771,90,90,90,1.7016,0.3452,1.3564
WO3,Cubic,6.509,6.509,6.509,109.47,109.47,109.47,1.743,0.6824,1.0606
Al2O3,Triclinic,10.378,10.487,10.625,97.19,96.4,88.45,7.4174,3.919,3.4984
As2O3,Monoclinic,4.592,10.958,13.387,97.82,90,90,4.2703,0.6497,3.6206
Al2O3,Triclinic,10.323,9.906,11.172,94.77,90.88,93.16,7.3828,4.1932,3.1896
B2O3,Triclinic,10.123,10.788,12.258,81.91,89.09,91.81,3.1464,-0.9335,4.0799
Er2O3,Trigonal,3.605,3.605,5.759,90,90,120,6.5126,2.3157,4.1969
WO3,Monoclinic,7.68,7.719,7.751,89.82,90,90,1.7324,0.3616,1.3708
Y2O3,Triclinic,11.891,11.414,11.839,94.38,83.47,87.41,4.7786,1.8365,2.9421
Lu2O3,Monoclinic,3.359,7.007,8.333,100.01,90,103.87,6.1742,1.8979,4.2763
Ho2O3,Monoclinic,3.459,7.139,8.54,99.86,90,104.02,5.9898,1.9323,4.0575
P2O3,Monoclinic,8.487,6.661,7.184,71.65,90,90,3.6212,-0.2197,3.8409
Y2O3,Trigonal,5.782,6.032,5.782,118.64,60,118.64,5.8927,1.4459,4.4468
Ac2O3,Trigonal,4.095,4.095,6.3,90,90,120,8.1122,4.5896,3.5226
Y2O3,Trigonal,3.656,3.656,5.841,90,90,120,6.5803,2.4967,4.0836
Gd2O3,Trigonal,3.729,3.729,5.894,90,90,120,5.0966,2.3983,2.6983
Ga2O3,Triclinic,10.036,10.071,10.045,93.03,90.3,89.49,3.2831,1.4535,1.8296
WO3,Orthorhombic,3.899,7.498,7.665,90,90,90,1.4069,0.1513,1.2556
MoO3,Monoclinic,7.184,7.612,7.801,90,91.11,90,1.7153,0.3439,1.3714
Al2O3,Triclinic,10.978,9.949,9.987,93.97,92.01,85.56,8.063,4.1866,3.8764
WO3,Tetragonal,7.589,7.589,3.886,90,90,90,1.6299,0.3757,1.2542
TeO3,Orthorhombic,5.128,4.801,8.342,90,90,90,4.1057,2.8568,1.2489
Al2O3,Triclinic,10.174,10.437,10.623,88.03,81.66,87.65,6.7552,4.6924,2.0628
Al2O3,Triclinic,10.556,10.392,10.343,91.54,89.06,84.58,7.5586,3.9104,3.6482
Al2O3,Triclinic,10.579,10.505,10.183,89.57,95.25,88.96,7.3945,4.1592,3.2353
Al2O3,Monoclinic,5.313,12.017,3.157,90,109.37,90,9.3784,5.2019,4.1765
Fe2O3,Cubic,8.276,8.276,8.276,109.47,109.47,109.47,4.3844,2.9942,1.3902
Bi2O3,Trigonal,6.048,7.761,7.761,120,90,90,6.2297,4.7422,1.4875
Al2O3,Triclinic,5.594,6.134,18.732,95.71,121.7,120.02,8.1427,4.9208,3.2219
UO3,Cubic,4.135,4.135,4.135,90,90,90,3.0456,1.4106,1.635
Bi2O3,Trigonal,3.853,3.854,5.927,90,90,120,6.9935,5.8717,1.1218
Fe2O3,Triclinic,8.476,8.456,25.291,90,90.07,90.01,3.6852,2.4873,1.1979
XeO3,Orthorhombic,5.531,6.155,8.25,90,90,90,-0.5756,-2.7068,2.1312
Al2O3,Triclinic,10.219,10.315,10.686,88.91,96.3,85.62,6.8279,5.1222,1.7057
WO3,Orthorhombic,3.884,7.697,7.735,90,90,90,1.6171,0.3556,1.2615
Al2O3,Triclinic,10.146,10.035,10.3,89.35,92.22,89.8,8.5018,5.2377,3.2641
MoO3,Monoclinic,7.145,5.405,5.602,90,90.44,90,2.248,0.3382,1.9098
Al2O3,Triclinic,10.263,10.849,10.128,86.47,91.12,89.04,7.4003,3.9682,3.4321
Al2O3,Triclinic,5.716,5.665,16.595,62.92,66.37,58.34,8.6629,5.0462,3.6167
Bi2O3,Cubic,7.947,7.947,7.947,60,60,60,5.6278,3.0464,2.5814
Sb2O3,Monoclinic,4.813,8.124,9.475,107.2,90,90,6.2996,3.7923,2.5073
WO3,Triclinic,7.301,7.449,10.243,90.14,93,93.5,0.4305,-2.1615,2.592
WO3,Triclinic,12.452,12.399,11.706,94.53,90.25,95.87,1.1235,-0.8241,1.9476
SeO3,Tetragonal,5.272,9.636,9.636,90,90,90,0.2077,-2.2235,2.4312
Tm2O3,Trigonal,3.581,3.581,5.73,90,90,120,6.4295,2.276,4.1535
Sb2O3,Orthorhombic,7.613,7.777,12.068,90,90,90,6.3527,3.9984,2.3543
Nd2O3,Trigonal,3.847,3.847,6.02,90,90,120,6.0426,2.2337,3.8089
Cr2O3,Cubic,8.039,9.282,9.282,90,54.73,54.73,5.7879,3.8892,1.8987
WO3,Orthorhombic,7.366,7.576,7.747,90,90,90,1.8836,0.4191,1.4645
Y2O3,Orthorhombic,5.772,5.946,16.659,90,90,90,6.1109,1.7188,4.3921
Al2O3,Monoclinic,10.341,5.146,5.914,123.47,150.97,50.9,7.0405,2.4537,4.5868
WO3,Orthorhombic,3.872,7.48,7.749,90,89.65,90,1.9367,0.2719,1.6648
WO3,Triclinic,12.577,12.053,11.514,86.15,80.95,83.04,1.4047,-0.3635,1.7682
TeO3,Monoclinic,5.167,5.167,9.789,84.45,95.55,60.03,3.1467,0.9872,2.1595
Lu2O3,Cubic,8.887,8.887,8.887,109.47,109.47,109.47,5.1988,1.1777,4.0211
Al2O3,Triclinic,10.304,10.478,9.933,91.05,89.18,88.44,8.2561,4.3942,3.8619
Bi2O3,Cubic,9.382,9.382,9.382,109.47,109.47,109.47,3.7099,2.4729,1.237
Fe2O3,Triclinic,9.256,10.281,10.883,86.61,98.21,88.04,2.903,1.7652,1.1378
Sb2O3,Orthorhombic,3.354,4.029,13.273,90,90,90,6.0241,4.5452,1.4789
Bi2O3,Trigonal,5.675,5.675,5.675,88.85,88.85,88.85,5.2161,2.7904,2.4257
Al2O3,Triclinic,10.548,10.407,9.9,86.24,91.1,90.85,8.1068,4.0228,4.084
WO3,Monoclinic,7.402,7.58,8.435,101.28,90.1,90.05,1.5331,-1.127,2.6601
V2O3,Monoclinic,5.761,6.06,6.06,125.41,116.6,63.4,3.1477,2.0448,1.1029
Al2O3,Triclinic,10.401,9.71,10.758,91.55,94.31,89.83,7.4867,4.4894,2.9973
Nd2O3,Monoclinic,3.69,7.439,9.007,99.52,90,104.36,5.6411,2.0046,3.6365
Bi2O3,Trigonal,10.414,10.414,10.414,90.05,90.05,90.05,6.3287,4.5942,1.7345
MoO3,Triclinic,5.4,5.44,7.797,89.52,89.11,87.87,2.2021,0.3835,1.8186
Y2O3,Triclinic,11.435,11.587,12.06,94.83,85.53,90.8,4.6894,1.6684,3.021
Al2O3,Triclinic,9.883,9.975,11.324,91.25,94.38,86.94,7.7577,3.9428,3.8149
Al2O3,Triclinic,10.239,10.164,10.717,91.48,88.91,89.01,7.5582,4.1274,3.4308
Al2O3,Triclinic,10.554,10.157,10.465,94.02,95.11,89.8,7.6955,3.8282,3.8673
La2O3,Trigonal,3.931,3.931,6.112,90,90,120,9.6181,5.7933,3.8248
Tm2O3,Monoclinic,3.405,7.066,8.43,99.9,90,103.94,6.0795,1.9104,4.1691
WO3,Hexagonal,7.403,7.403,3.806,90,90,120,0.7944,-0.3457,1.1401
Al2O3,Triclinic,10.498,10.07,10.98,77.15,86.23,86.91,7.5457,3.9004,3.6453
B2O3,Triclinic,10.746,11.443,11.384,85.89,88.29,87.68,2.7809,-1.4449,4.2258
Y2O3,Monoclinic,14.321,3.471,8.539,90,98.75,90,5.8064,2.2337,3.5727
WO3,Hexagonal,7.403,7.403,7.678,90,90,120,1.1103,-0.3777,1.488
Al2O3,Triclinic,9.823,11.226,10.23,91.04,86.26,88.86,7.4438,4.0261,3.4177
Fe2O3,Triclinic,10.022,10.819,9.821,90.88,93.31,95.47,2.5617,1.4494,1.1123
Tb2O3,Cubic,9.236,9.236,9.236,109.47,109.47,109.47,5.244,1.3434,3.9006
UO3,Tetragonal,11.244,11.244,11.244,143.84,143.84,52.06,4.5016,2.6161,1.8855
Al2O3,Trigonal,3.002,6.021,3.002,104.43,60,104.43,9.9578,5.9549,4.0029
Gd2O3,Monoclinic,3.563,7.289,8.762,99.75,90,104.14,4.8183,1.9126,2.9057
Bi2O3,Cubic,9.614,9.614,9.614,109.47,109.47,109.47,6.3669,4.4472,1.9197
AlO3,Monoclinic,7.79,7.79,2.972,100.82,100.82,27.61,5.0057,2.684,2.3217
Bi2O3,Orthorhombic,5.523,5.204,12.045,90,90,90,4.9397,3.191,1.7487
CrO3,Monoclinic,6.87,6.87,5.858,74.73,74.73,84.39,-0.1842,-2.2137,2.0295
Nd2O3,Cubic,9.637,9.637,9.637,109.47,109.47,109.47,4.9774,1.2694,3.708
Al2O3,Triclinic,10.253,10.38,10.459,93.31,87.28,91.97,7.5184,4.1941,3.3243
Al2O3,Triclinic,10.702,10.21,10.265,94.12,87.63,99.61,7.5617,4.4008,3.1609
Sb2O3,Orthorhombic,4.964,5.403,12.379,90,90,90,6.4587,4.2348,2.2239
B2O3,Triclinic,11.668,10.556,10.535,88.64,97.67,95.6,3.4074,-0.718,4.1254
Sm2O3,Cubic,9.473,9.473,9.473,109.47,109.47,109.47,4.9659,1.1836,3.7823
Fe2O3,Monoclinic,8.095,8.097,8.091,71.21,109.58,70.12,4.5542,3.2077,1.3465
Lu2O3,Trigonal,3.532,3.532,5.699,90,90,120,6.3581,2.2698,4.0883
Al2O3,Triclinic,10.622,10.128,10.04,93.22,91.62,92.35,8.0667,4.207,3.8597
WO3,Orthorhombic,5.214,5.311,7.679,90,90,90,1.9502,0.4865,1.4637
Al2O3,Triclinic,5.63,5.652,14.084,89.62,90.84,119.77,9.2519,5.9086,3.3433
WO3,Orthorhombic,3.86,3.867,7.72,90,90,90,1.5218,0.3524,1.1694
Br2O3,Monoclinic,7.767,8.841,11.742,108.44,90,90,1.0029,-0.7558,1.7587
Y2O3,Triclinic,11.634,11.609,12.028,87.02,85.09,86.23,4.5543,1.7412,2.8131
Al2O3,Triclinic,6.193,7.445,21.288,96.24,92.71,114.6,6.8608,5.4762,1.3846
Al2O3,Monoclinic,2.907,5.615,6.073,103.65,103.85,90,9.6272,5.1719,4.4553
Sb2O3,Orthorhombic,6.726,6.726,16.647,90,90,151.1,5.3775,4.1991,1.1784
B2O3,Triclinic,11.744,11.595,10.696,86.31,91.94,92.62,2.8458,-1.5867,4.4325
Al2O3,Orthorhombic,3.12,5.57,9.563,90,90,124.07,5.3776,1.8685,3.5091
Al2O3,Triclinic,9.977,10.426,10.444,91.71,89.45,88.22,8.1022,4.2238,3.8784
Al2O3,Triclinic,5.655,5.658,13.642,92.17,89.35,119.64,9.4285,6.1291,3.2994
CrO3,Orthorhombic,4.717,4.881,5.705,90,90,118.8,0.0892,-2.1993,2.2885
As2O3,Orthorhombic,5.27,7.496,13.152,90,90,90,1.7792,-1.2711,3.0503
CrO3,Monoclinic,4.625,6.996,9.739,71.55,90,90,-1.5419,-3.3971,1.8552
As2O3,Monoclinic,4.605,8.032,9.277,101.2,90,90,3.9983,0.3677,3.6306
Al2O3,Triclinic,10.213,10.418,10.246,89.22,92.68,85.3,7.8503,4.1762,3.6741
WO3,Tetragonal,5.237,5.237,7.899,90,90,90,1.9475,0.3221,1.6254
WO3,Hexagonal,7.511,7.511,7.712,90,90,120,0.9002,-0.3085,1.2087
Sc2O3,Orthorhombic,5.458,9.335,9.941,90,90,90,6.1052,1.9407,4.1645
Bi2O3,Orthorhombic,5.055,5.569,12.634,90,90,90,5.4998,3.2228,2.277
Sm2O3,Monoclinic,3.618,7.336,8.86,99.57,90,104.28,5.6378,1.8935,3.7443
Fe2O3,Orthorhombic,5.215,8.952,9.596,90,90,90,4.1021,2.577,1.5251
Al2O3,Triclinic,10.631,10.547,10.173,93.06,88.42,86.81,7.3013,4.0956,3.2057
Fe2O3,Orthorhombic,8.233,8.233,9.492,54.8,54.8,70.18,4.5517,3.2383,1.3134
La2O3,Hexagonal,6.267,6.267,3.3,90,90,120,4.9534,3.4192,1.5342
CrO3,Orthorhombic,4.863,4.863,3.097,90,90,119.45,-0.47,-1.9134,1.4434
WO3,Triclinic,12.091,11.53,12.577,83.67,91.1,87.58,1.5135,-0.5715,2.085
WO3,Monoclinic,7.384,7.548,7.732,88.86,90,90,2.0694,0.4398,1.6296
Nd2O3,Hexagonal,6.165,6.165,3.217,90,90,120,1.9394,0.3691,1.5703
WO3,Orthorhombic,7.694,7.686,7.759,90,90,90,1.7172,0.3643,1.3529
As2O3,Monoclinic,4.559,5.389,13.034,90,90,94.69,4.2952,0.2613,4.0339
Cr2O3,Orthorhombic,5.039,5.211,7.195,90,90,90,6.3106,3.9668,2.3438
Al2O3,Triclinic,10.065,10.089,10.894,87.29,91.04,86.35,7.7858,4.3532,3.4326
Er2O3,Monoclinic,3.432,7.102,8.484,99.89,90,103.98,6.0655,1.9632,4.1023
Fe2O3,Tetragonal,8.525,8.525,25.593,90,90,90,3.794,2.2267,1.5673
Al2O3,Triclinic,10.236,10.525,10.413,86.53,87.65,89.51,7.6958,4.1051,3.5907
Sc2O3,Cubic,8.542,8.542,8.542,109.47,109.47,109.47,6.2236,2.4001,3.8235
Sc2O3,Trigonal,5.348,5.666,5.348,118.16,60,118.16,6.3904,2.2628,4.1276
Sc2O3,Trigonal,5.4,5.816,5.4,117.66,60,117.66,5.889,1.836,4.053
Fe2O3,Orthorhombic,5.173,5.325,7.524,90,90,90,3.7652,2.4557,1.3095
Al2O3,Triclinic,5.576,5.604,14.56,78.94,81.83,60.9,9.1048,5.1285,3.9763
Al2O3,Triclinic,10.409,10.315,10.483,93.36,91.07,90.97,7.3938,3.9473,3.4465
Tb2O3,Tetragonal,3.809,3.809,5.588,90,90,90,3.6816,2.1207,1.5609
WO3,Tetragonal,12.063,12.063,3.945,90,90,90,1.576,0.0852,1.4908
Cr2O3,Monoclinic,10.784,5.252,6.227,120.55,149.98,54.05,2.6318,1.4101,1.2217
Al2O3,Monoclinic,3.089,7.376,15.216,89.72,90,90,7.1393,3.1394,3.9999
WO3,Tetragonal,3.883,7.719,7.719,90,90,90,1.665,0.3544,1.3106
La2O3,Cubic,9.838,9.838,9.838,109.47,109.47,109.47,8.1639,4.632,3.5319
Al2O3,Triclinic,10.002,10.608,10.622,92.89,90.64,92.54,7.4709,3.9606,3.5103
Pb2O3,Monoclinic,4.894,4.824,7.033,89.32,90,90,5.8008,4.729,1.0718
WO3,Cubic,3.806,3.806,3.806,90,90,90,1.4901,0.3777,1.1124
WO3,Hexagonal,7.509,7.509,7.744,90,90,120,1.11,-0.3834,1.4934
Bi2O3,Hexagonal,7.671,7.671,5.926,90,90,120,6.7552,5.2815,1.4737
As2O3,Monoclinic,4.612,8.827,8.923,74.45,90,90,4.5146,1.0652,3.4494
UO3,Orthorhombic,5.248,5.542,7.568,90,90,90,5.8816,3.9778,1.9038
CrO3,Monoclinic,5.259,5.001,7.129,89.91,90,90,1.5961,0.2697,1.3264
Al2O3,Triclinic,10.152,10.437,9.951,85.77,90.89,91.02,8.3452,4.7047,3.6405
B2O3,Triclinic,11.092,11.798,10.892,89.33,91.05,92.13,3.1145,-1.3661,4.4806
As2O3,Cubic,7.882,7.882,7.882,60,60,60,3.314,-0.7094,4.0234
Al2O3,Trigonal,3.017,3.017,7.575,90,90,120,6.1463,3.8603,2.286
Pr2O3,Trigonal,3.889,3.889,6.059,90,90,120,6.0699,2.3247,3.7452
Fe2O3,Monoclinic,14.684,5.355,7.81,131.67,160.07,44.99,2.1489,0.4612,1.6877
Bi2O3,Triclinic,8.995,9.047,37.226,94.52,94.54,109.44,6.0951,4.4088,1.6863
Pr2O3,Cubic,9.735,9.735,9.735,109.47,109.47,109.47,5.0105,1.3512,3.6593
Al2O3,Triclinic,10.019,10.121,10.436,93.32,91.31,95,8.4023,4.4237,3.9786
Al2O3,Triclinic,10.709,10.449,9.827,87.16,90.65,90.2,7.9462,4.003,3.9432
Ho2O3,Tetragonal,3.765,3.765,5.523,90,90,90,3.5274,2.0104,1.517
Bi2O3,Triclinic,4.08,3.741,8.203,62.66,62.59,61.13,5.4637,4.1591,1.3046
Tl4O3,Monoclinic,3.503,7.747,11.065,109.25,90,90,5.0009,3.9017,1.0992
Al2O3,Orthorhombic,4.672,4.672,7.045,90,90,146.75,11.6629,7.4142,4.2487
WO3,Monoclinic,3.944,7.781,7.539,90,90.1,90,1.5338,0.142,1.3918
Bi2O3,Tetragonal,5.579,7.84,7.84,90,90,90,5.1904,3.5322,1.6582
Tb2O3,Monoclinic,3.513,7.206,8.651,99.75,90,104.11,6.0089,2.0682,3.9407
WO3,Monoclinic,5.207,5.306,7.693,88.5,90,90,1.9932,0.3362,1.657
TeO3,Trigonal,5.2,5.2,5.2,56.57,56.57,56.57,5.3001,4.1498,1.1503
Pm2O3,Trigonal,3.805,3.805,5.971,90,90,120,6.0887,2.2214,3.8673
Al2O3,Monoclinic,5.639,5.639,27.541,89.45,89.45,60.45,9.4728,6.3976,3.0752
Er2O3,Cubic,9.054,9.054,9.054,109.47,109.47,109.47,5.205,1.2421,3.9629
MoO3,Triclinic,11.297,13.382,13.005,87.73,92.04,82.78,0.4679,-0.759,1.2269
C4O3,Trigonal,10.494,10.494,10.494,90.1,90.1,90.1,0.8243,-1.637,2.4613
Al2O3,Triclinic,10.232,10.345,10.687,94.08,92.1,91.85,7.4379,4.0986,3.3393
Y2O3,Tetragonal,3.806,3.806,5.557,90,90,90,3.796,2.2091,1.5869
Ho2O3,Trigonal,3.629,3.629,5.796,90,90,120,6.5233,2.281,4.2423
NdO3,Monoclinic,4.465,7.782,6.146,66.34,111.3,125.01,2.4914,0.3812,2.1102
As2O3,Tetragonal,6.903,6.903,7.887,90,90,90,3.5055,-0.1232,3.6287
Tb2O3,Trigonal,3.682,3.682,5.833,90,90,120,6.5306,2.3968,4.1338
Ga2O3,Triclinic,10.255,10.238,10.063,89.53,86.07,89.16,3.0031,0.9802,2.0229
Sc2O3,Monoclinic,3.201,6.825,8.016,100.26,90,103.56,6.712,3.2314,3.4806
Fe2O3,Orthorhombic,5.036,5.265,7.774,90,90,90,4.931,3.8704,1.0606
Ga2O3,Monoclinic,3.048,5.817,6.326,103.35,103.94,90,4.0687,2.0609,2.0078
Al2O3,Monoclinic,5.504,8.24,5.419,90,58.6,90,7.8363,3.4663,4.37
Al2O3,Hexagonal,4.996,4.996,9.337,90,90,120,3.9134,-0.9301,4.8435
Al2O3,Triclinic,9.929,11.101,10.179,88.71,86.35,89.75,7.6474,4.1489,3.4985
WO3,Hexagonal,7.457,7.457,7.536,90,90,120,0.9447,-0.3201,1.2648
Pb2O3,Monoclinic,5.681,7.601,7.851,67.07,90,90,5.8176,4.7427,1.0749
As2O3,Monoclinic,14.051,11.216,13.911,82.14,90,90,4.0372,0.6585,3.3787
Gd2O3,Tetragonal,3.839,3.839,5.637,90,90,90,3.3584,2.0334,1.325
Al2O3,Triclinic,10.55,10.143,10.244,92.22,92.21,90.27,7.9361,4.0898,3.8463
Sc2O3,Trigonal,3.39,3.39,5.666,90,90,120,7.069,3.6781,3.3909
Bi2O3,Monoclinic,7.296,9.208,10.073,77.46,90,90,6.6376,4.1827,2.4549
Sm2O3,Trigonal,3.779,3.779,5.942,90,90,120,5.9535,2.0164,3.9371
Cr3O4,Triclinic,5.908,6.176,5.806,118.24,91.29,117.92,5.3104,3.8344,1.476
OsO4,Monoclinic,4.436,5.162,7.95,77.21,73.78,64.55,0.055,-3.1922,3.2472
Fe3O4,Monoclinic,6.008,6.008,5.05,77.03,77.03,59.57,4.3015,3.2853,1.0162
OsO4,Monoclinic,5.245,5.245,4.927,64.29,64.29,54.37,0.055,-3.1922,3.2472
RuO4,Monoclinic,4.374,5.105,7.844,77.23,73.84,64.62,-0.5792,-2.9645,2.3853
Fe3O4,Monoclinic,6.066,6.063,8.685,89.79,90,90,4.208,3.1417,1.0663
Pb3O4,Orthorhombic,6.65,8.589,9.186,90,90,90,4.6155,3.4551,1.1604
Fe3O4,Monoclinic,6.047,10.499,6.035,73.56,119.77,89.78,4.3132,3.2903,1.0229
Pb3O4,Tetragonal,6.646,8.894,8.894,90,90,90,4.7052,3.4233,1.2819
RuO4,Cubic,8.467,8.467,8.467,90,90,90,-0.775,-2.9802,2.2052
Fe3O4,Triclinic,6.074,6.063,10.507,89.34,72.74,59.81,4.5447,3.3357,1.209
Fe3O4,Monoclinic,3.059,5.143,5.226,74.88,90,90,3.7879,2.719,1.0689
V2O5,Triclinic,11.475,11.915,12.34,89.03,93.11,82.61,0.4912,-1.0949,1.5861
As2O5,Tetragonal,4.634,8.619,8.619,90,90,90,2.8318,1.2033,1.6285
V2O5,Monoclinic,5.891,5.891,5.363,82.9,82.9,28.38,1.6149,0.2355,1.3794
V2O5,Triclinic,11.757,11.616,11.968,85.63,91.34,81.43,0.8152,-1.1235,1.9387
Ta2O5,Orthorhombic,3.875,6.227,7.425,90,90,90,3.7074,1.6822,2.0252
Nb2O5,Triclinic,11.516,7.731,11.391,99.72,92.02,80.29,2.3563,0.2173,2.139
B36O5,Triclinic,7.411,7.41,11.593,87.34,73.47,87.95,7.4034,5.0618,2.3416
V2O5,Orthorhombic,10.708,9.917,5.57,82.35,66.61,31.03,-0.548,-3.1288,2.5808
Nb2O5,Monoclinic,3.859,4.019,6.784,90.8,106.52,90,2.34,0.169,2.171
Ta2O5,Triclinic,3.401,3.86,8.212,90.75,94.89,90.12,2.7825,0.1912,2.5913
Ta2O5,Monoclinic,6.999,7.464,7.233,58.3,61.07,62.04,4.0766,1.0034,3.0732
Nb2O5,Monoclinic,4.925,5.634,6.9,103.48,110.91,90,3.4261,1.152,2.2741
Nb2O5,Monoclinic,3.837,14.628,15.341,73.1,82.82,82.46,1.9778,0.0061,1.9717
Ta2O5,Monoclinic,5.531,5.531,6.11,56.9,56.9,73.95,1.755,-1.5477,3.3027
Ta2O5,Orthorhombic,12.582,5.722,3.814,109.46,90,90,2.1398,-1.7574,3.8972
Nb2O5,Tetragonal,14.711,14.711,14.711,90.98,90.98,165,1.6772,0.1451,1.5321
V2O5,Monoclinic,5.36,8.951,10.23,65.41,90,90,0.4394,-1.6406,2.08
Ta2O5,Triclinic,11.316,12.054,12.056,96.25,89.62,92.18,3.0699,0.094,2.9759
V2O5,Monoclinic,6.472,6.472,5.392,77.31,77.31,42.81,3.1638,1.8048,1.359
Te2O5,Monoclinic,4.717,5.397,7.975,104.18,90,90,4.8506,3.1684,1.6822
Ta2O5,Monoclinic,9.511,9.511,5.989,78.81,78.81,19.01,-0.0277,-3.24,3.2123
V3O5,Triclinic,5.189,5.746,7.096,109.8,90.57,62.62,4.9348,3.623,1.3118
Ta2O5,Monoclinic,4.026,4.026,5.74,104.98,109.19,99.37,5.3169,2.8435,2.4734
Ta2O5,Triclinic,11.74,12.541,12.036,89.75,90.1,93.89,2.5941,-0.5539,3.148
Ta2O5,Orthorhombic,3.815,3.893,12.968,90,90,90,3.1396,0.7333,2.4063
V2O5,Triclinic,13.321,12.44,11.488,90.06,87.07,86.15,-0.3804,-1.4185,1.0381
V2O5,Monoclinic,4.91,15.337,21.06,71.49,90,90,0.6396,-1.4231,2.0627
Nb2O5,Orthorhombic,9.935,9.646,5.319,90,90,90,0.8744,-1.5725,2.4469
Nd2O5,Monoclinic,5.61,6.007,7.368,118.07,112.38,90,5.1043,2.2605,2.8438
V2O5,Triclinic,13.012,11.842,11.922,83.16,84.53,89.21,-0.0447,-1.929,1.8843
Nb2O5,Monoclinic,3.872,19.789,20.814,64.29,90,90,1.9778,0.3065,1.6713
As2O5,Tetragonal,8.618,8.618,4.634,90,90,90,2.5832,1.2178,1.3654
SO5,Monoclinic,6.677,8.048,9.787,68.97,90,90,-0.8739,-2.7615,1.8876
Ta2O5,Orthorhombic,3.682,5.998,10.407,90,90,90,2.6222,-0.1895,2.8117
Ta2O5,Triclinic,12.214,11.836,11.722,89.08,91.31,91.15,2.7043,0.1255,2.5788
V2O5,Orthorhombic,2.884,5.773,11.36,90,90,90,1.1322,-0.4015,1.5337
V2O5,Orthorhombic,5.327,5.327,11.443,90,90,141.21,0.4627,-1.973,2.4357
V2O5,Orthorhombic,3.635,6.325,11.419,90,90,90,-0.4938,-2.9043,2.4105
Ta2O5,Tetragonal,6.086,6.086,6.086,128.34,128.34,76.07,1.4584,-0.2112,1.6696
V2O5,Triclinic,6.29,6.597,7.364,77.37,80.02,75.91,-0.9277,-3.1373,2.2096
Ta2O5,Monoclinic,3.869,3.834,21.22,84.83,92.31,89.99,2.6586,1.3304,1.3282
Ta2O5,Monoclinic,3.863,3.841,6.778,74.43,90,90,3.3718,1.0308,2.341
V2O5,Monoclinic,3.554,6.287,7.217,90.14,90,90,2.1077,0.6214,1.4863
V2O5,Orthorhombic,3.552,4.263,11.604,90,90,90,1.1202,-1.1624,2.2826
Ta2O5,Orthorhombic,3.841,3.874,13.037,90,90,90,3.1028,0.7832,2.3196
Nb2O5,Monoclinic,7.826,3.857,6.803,90,89.88,90,2.251,-0.3462,2.5972
P2O5,Triclinic,12.651,11.917,11.868,88.56,86.7,96.01,1.4926,-0.2582,1.7508
P2O5,Triclinic,9.245,8.746,4.937,79.73,68.57,31.7,5.09,0.1373,4.9527
V2O5,Triclinic,12.519,13.057,11.662,90.32,84.03,94.36,-0.2383,-1.3275,1.0892
V2O5,Orthorhombic,3.617,9.689,11.578,90,90,90,0.7519,-1.3047,2.0566
I2O5,Monoclinic,5.029,8.169,10.956,107.31,90,90,4.8263,2.0985,2.7278
P2O5,Triclinic,8.185,8.221,8.471,89.58,89.98,88.06,-1.0439,-2.162,1.1181
Nb2O5,Monoclinic,4.056,4.056,5.845,68.59,68.59,80.7,4.2972,2.452,1.8452
V2O5,Monoclinic,7.884,7.884,10.16,69.77,110.23,153.76,1.0802,-0.1753,1.2555
Si2O5,Orthorhombic,7.429,7.429,7.429,140.43,131.22,64.55,3.8011,1.1248,2.6763
As2O5,Orthorhombic,4.64,8.541,8.675,90,90,90,2.6275,1.2015,1.426
Ta2O5,Triclinic,6.925,7.473,7.153,59.69,62.77,64.93,4.3363,1.2601,3.0762
P2O5,Orthorhombic,4.89,7.207,9.192,90,90,90,5.7336,0.8962,4.8374
Nb2O5,Triclinic,3.863,14.711,15.439,104.89,97.18,97.53,1.7985,0.1847,1.6138
V2O5,Orthorhombic,3.325,5.721,10.713,90,90,90,0.8103,-0.6288,1.4391
V2O5,Triclinic,12.6,12.011,12.341,90.35,93.84,94.35,-0.078,-1.2116,1.1336
WO5,Monoclinic,3.861,10.507,12.25,79.8,90,90,0.417,-1.0336,1.4506
Se2O5,Monoclinic,4.582,6.974,13.723,90,92.28,90,1.6764,-1.227,2.9034
W2O5,Orthorhombic,12.066,6.153,3.869,108.32,90,90,2.72,0.3297,2.3903
Mo2O5,Orthorhombic,11.987,6.292,3.852,107.82,90,90,1.9787,0.4685,1.5102
V3O5,Monoclinic,5.196,5.714,7.109,109.65,90,62.96,4.8054,3.744,1.0614
V2O5,Orthorhombic,5.917,8.532,10.139,90,90,90,-0.1191,-2.6352,2.5161
Ta2O5,Monoclinic,3.844,6.338,40.952,89.15,90,90,3.8335,1.6756,2.1579
V2O5,Orthorhombic,9.984,3.572,9.972,90,90,90,1.5746,-0.7656,2.3402
V2O5,Orthorhombic,7.796,6.491,7.524,90,90,90,0.8878,-0.5562,1.444
Sn5O6,Monoclinic,4.894,13.846,5.799,91.76,90,90,6.6408,4.8706,1.7702
Ti2O7,Triclinic,5.987,6.071,10.889,86.9,88.2,61.05,-1.3524,-2.5064,1.154
Re2O7,Orthorhombic,9.187,9.187,6.951,90,90,134.44,-0.3191,-3.7878,3.4687
Fe5O7,Orthorhombic,5.275,5.275,19.081,90,90,146.99,3.2643,2.229,1.0353
Mn2O7,Monoclinic,17.846,7.151,9.944,79.22,90,90,-1.4706,-3.2764,1.8058
Cl2O7,Monoclinic,4.616,7.256,8.729,110.4,90,108.55,1.3356,-2.3397,3.6753
V3O7,Orthorhombic,5.378,10.511,10.76,90,90,90,1.1109,-0.3404,1.4513
V3O7,Trigonal,10.928,10.928,9.763,90,90,120,0.233,-0.9278,1.1608
P4O7,Monoclinic,10.688,6.942,11.765,62.19,90,90,4.3266,0.2726,4.054
V4O7,Triclinic,5.844,6.27,7.684,74.37,74.91,81.3,3.9071,2.9036,1.0035
V4O7,Triclinic,6.718,6.735,6.435,68.53,87.68,86.63,3.8131,2.7751,1.038
Re2O7,Orthorhombic,5.558,12.741,15.566,90,90,90,1.2477,-1.1169,2.3646
V4O7,Triclinic,5.762,7.121,7.732,90.55,125.16,85.99,4.7457,3.4381,1.3076
Tc2O7,Orthorhombic,5.515,7.274,13.753,90,90,90,0.3413,-2.3251,2.6664
Ti3O7,Monoclinic,3.737,9.582,14.23,91,97.55,90,-0.7328,-3.119,2.3862
W3O8,Hexagonal,6.225,6.225,10.004,90,90,120,2.2553,0.6212,1.6341
W3O8,Monoclinic,5.853,5.072,10.843,62.76,90,90,4.0412,2.2253,1.8159
Mo3O8,Monoclinic,6.509,6.509,5.065,71.22,71.22,55.66,1.885,0.7383,1.1467
Mo3O8,Monoclinic,6.251,6.251,10.42,71.57,71.57,59.4,2.297,1.0705,1.2265
Si5O8,Triclinic,7.741,6.776,12.111,102.22,90.46,124.97,3.2741,-0.1787,3.4528
H11O8,Triclinic,4.387,4.489,11.411,85.83,86.48,66.85,-1.4608,-2.4643,1.0035
W3O8,Monoclinic,6.52,6.52,5.132,71.2,71.2,55.85,2.3888,0.7726,1.6162
Fe7O8,Triclinic,6.087,6.163,10.732,73.79,73.64,60.66,4.6035,3.5312,1.0723
W3O8,Triclinic,5.168,5.454,6.953,108.37,94.22,104.67,2.8741,0.1459,2.7282
Pr5O9,Monoclinic,21.047,6.736,13.75,71.92,90,90,4.9599,2.1612,2.7987
Fe8O9,Triclinic,5.311,5.353,6.829,82.15,74.67,80.75,5.0651,3.6517,1.4134
P2O9,Orthorhombic,8.674,9.415,14.738,90,90,90,3.5236,0.4348,3.0888
Te4O9,Trigonal,7.3,7.3,7.3,79.57,79.57,79.57,5.6261,3.4036,2.2225
Fe9O10,Triclinic,5.357,6.143,6.885,103.28,97.4,107.38,5.1218,3.905,1.2168
Fe10O11,Triclinic,6.81,6.893,10.757,96.91,104,108.14,5.0291,3.8185,1.2106
B84O11,Triclinic,7.396,8.8,11.807,95.81,91.22,112.22,7.4762,4.8982,2.578
Fe10O11,Triclinic,5.354,6.807,6.88,107.41,98.42,104.79,5.0825,3.7739,1.3086
Fe11O12,Triclinic,6.242,6.84,6.9,71.82,63.6,76.28,5.1525,3.7649,1.3876
V5O12,Monoclinic,6.591,6.591,5.864,74.9,105.1,99.57,0.6488,-0.3829,1.0317
Cr5O12,Orthorhombic,8.394,8.434,12.273,90,90,90,1.7443,0.3534,1.3909
V5O12,Monoclinic,4.979,4.979,9.062,87.09,87.09,113.21,2.2783,1.2709,1.0074
V5O12,Triclinic,4.973,4.97,9.036,87.08,92.02,67.53,2.2757,0.9848,1.2909
V5O12,Triclinic,4.965,5.329,7.496,83.28,89.91,89.27,2.7827,1.5879,1.1948
Cr5O12,Orthorhombic,8.985,9.06,12.536,90,90,90,0.7898,-1.0049,1.7947
V5O12,Monoclinic,9.116,8.984,15.501,55.19,90,90,0.5874,-0.4923,1.0797
Si6O13,Hexagonal,13.929,13.929,8.621,90,90,120,1.2407,-0.8644,2.1051
Sb6O13,Orthorhombic,7.301,7.301,7.301,120.6,120.46,89.08,5.5483,3.7367,1.8116
Sb6O13,Monoclinic,7.307,14.627,12.657,30.08,53.75,59.23,5.2408,3.891,1.3498
Fe15O16,Trigonal,10.891,10.891,10.891,33.16,33.16,33.16,4.9523,3.4697,1.4826
Fe17O18,Triclinic,6.834,8.182,8.231,110.93,94.52,114.24,5.2135,3.993,1.2205
V9O20,Triclinic,6.194,6.798,11.394,127.93,96.44,79.21,3.2671,1.9783,1.2888
Cr8O21,Triclinic,5.523,6.686,12.258,105.07,89.64,101.88,0.4791,-0.8947,1.3738
V9O22,Monoclinic,9.76,5.55,14.17,88.13,90,90,1.9751,0.8774,1.0977
Fe21O23,Triclinic,6.898,8.118,9.754,83.09,73.56,64.98,5.1574,3.8087,1.3487
Fe38O39,Triclinic,40.343,24.613,10.259,24.15,40.9,19.05,5.4535,3.9065,1.547
Sb26O53,Triclinic,4.98,5.54,39.977,92.69,93.03,90.08,6.8696,5.7614,1.1082
